N,M,Max Precision (bits),Min Precision (bits),Network,Layer,Cycles,Memory wait cycles,WBUF Read,WBUF Write,OBUF Read,OBUF Write,IBUF Read,IBUF Write,DRAM Read,DRAM Write,Bandwidth (bits/cycle),WBUF Size (bits),OBUF Size (bits),IBUF Size (bits),Batch size
16,32,8,2,AlexNet,conv4_b/Convolution,2436097,403969,16647192576,5308416,231211008,231211008,16647192576,231211008,352124928,115605504,192,65536,16384,32768,16
16,32,8,2,AlexNet,conv2_a/Convolution,5018849,1249,41104179200,3276800,411041792,411041792,41104179200,462422016,671219712,205520896,192,65536,16384,32768,16
16,32,8,2,AlexNet,fc3/MatMul,398679,136535,1073741824,67108864,8388608,8388608,1073741824,1048576,72351744,4194304,192,65536,16384,32768,16
16,32,8,2,AlexNet,conv1_b/Convolution,3746423,406823,13493145600,282624,297369600,297369600,13493145600,421660800,570628224,148684800,192,65536,16384,32768,16
16,32,8,2,AlexNet,conv3_a/Convolution,3248129,538625,22196256768,7077888,308281344,308281344,22196256768,308281344,469499904,154140672,192,65536,16384,32768,16
16,32,8,2,AlexNet,conv4_a/Convolution,2436097,403969,16647192576,5308416,231211008,231211008,16647192576,231211008,352124928,115605504,192,65536,16384,32768,16
16,32,8,2,AlexNet,conv1_a/Convolution,3746423,406823,13493145600,282624,297369600,297369600,13493145600,421660800,570628224,148684800,192,65536,16384,32768,16
16,32,8,2,AlexNet,conv5_b/Convolution,1624065,269313,11098128384,3538944,154140672,154140672,11098128384,154140672,234749952,77070336,192,65536,16384,32768,16
16,32,8,2,AlexNet,fc1/MatMul,3545090,2365442,9663676416,603979776,75497472,75497472,9663676416,1179648,642908160,37748736,192,65536,16384,32768,16
16,32,8,2,AlexNet,conv3_b/Convolution,3248129,538625,22196256768,7077888,308281344,308281344,22196256768,308281344,469499904,154140672,192,65536,16384,32768,16
16,32,8,2,AlexNet,conv2_b/Convolution,5018849,1249,41104179200,3276800,411041792,411041792,41104179200,462422016,671219712,205520896,192,65536,16384,32768,16
16,32,8,2,AlexNet,fc2/MatMul,1575596,1051308,4294967296,268435456,33554432,33554432,4294967296,524288,285736960,16777216,192,65536,16384,32768,16
16,32,8,2,AlexNet,conv5_a/Convolution,1624065,269313,11098128384,3538944,154140672,154140672,11098128384,154140672,234749952,77070336,192,65536,16384,32768,16
16,32,8,2,SVHN,conv4/Convolution,92161,18433,301989888,327680,16777216,16777216,301989888,589824,9306112,8388608,192,65536,16384,32768,16
16,32,8,2,SVHN,fc7/MatMul,11009,8961,16777216,1048576,1048576,1048576,16777216,16384,1589248,524288,192,65536,16384,32768,16
16,32,8,2,SVHN,conv0/Convolution,367979,335211,28311552,4096,67108864,67108864,226492416,3538944,37097472,33554432,192,65536,16384,32768,16
16,32,8,2,SVHN,conv3/Convolution,179884,32428,603979776,163840,33554432,33554432,603979776,819200,17760256,16777216,192,65536,16384,32768,16
16,32,8,2,SVHN,conv1/Convolution,358316,63404,603979776,49152,67108864,67108864,603979776,1638400,35241984,33554432,192,65536,16384,32768,16
16,32,8,2,SVHN,conv2/Convolution,177409,29953,301989888,98304,33554432,33554432,301989888,409600,17285120,16777216,192,65536,16384,32768,16
16,32,8,2,SVHN,fc8/MatMul,374,310,163840,10240,21504,21504,163840,16384,43008,16384,192,65536,16384,32768,16
16,32,8,2,SVHN,conv5/Convolution,102742,29014,603979776,589824,16777216,16777216,603979776,2359296,11337728,8388608,192,65536,16384,32768,16
16,32,8,2,SVHN,fc6/MatMul,27649,19457,67108864,4194304,1048576,1048576,67108864,65536,4784128,524288,192,65536,16384,32768,16
16,32,8,2,CIFAR10,conv4/Convolution,255318,107862,2415919104,2359296,33554432,33554432,2415919104,13107200,32243712,16777216,192,65536,16384,32768,16
16,32,8,2,CIFAR10,fc7/MatMul,16555,14507,33554432,2097152,1048576,1048576,33554432,32768,2654208,524288,192,65536,16384,32768,16
16,32,8,2,CIFAR10,conv0/Convolution,717654,586582,452984832,32768,134217728,134217728,452984832,3538944,70680576,67108864,192,65536,16384,32768,16
16,32,8,2,CIFAR10,conv3/Convolution,492204,197292,4831838208,1179648,67108864,67108864,4831838208,26214400,60948480,33554432,192,65536,16384,32768,16
16,32,8,2,CIFAR10,conv1/Convolution,799062,209238,4831838208,327680,134217728,134217728,4831838208,18874368,86310912,67108864,192,65536,16384,32768,16
16,32,8,2,CIFAR10,conv2/Convolution,402091,107179,2415919104,655360,67108864,67108864,2415919104,9437184,43646976,33554432,192,65536,16384,32768,16
16,32,8,2,CIFAR10,fc8/MatMul,513,449,327680,20480,21504,21504,327680,32768,69632,16384,192,65536,16384,32768,16
16,32,8,2,CIFAR10,conv5/Convolution,510636,215724,4831838208,4718592,67108864,67108864,4831838208,26214400,64487424,33554432,192,65536,16384,32768,16
16,32,8,2,CIFAR10,fc6/MatMul,99671,83287,268435456,16777216,2097152,2097152,268435456,262144,18087936,1048576,192,65536,16384,32768,16
16,32,8,2,LeNet-5,conv1/Convolution,205635,835,419430400,131072,16777216,16777216,419430400,13107200,21626880,8388608,192,65536,16384,32768,16
16,32,8,2,LeNet-5,fc2/MatMul,342,310,163840,10240,21504,21504,163840,16384,43008,16384,192,65536,16384,32768,16
16,32,8,2,LeNet-5,conv0/Convolution,179116,162732,26214400,16384,33554432,33554432,26214400,819200,17612800,16777216,192,65536,16384,32768,16
16,32,8,2,LeNet-5,fc1/MatMul,25259,21163,67108864,4194304,1310720,1310720,67108864,131072,4587520,262144,192,65536,16384,32768,16
16,32,8,2,VGG-7,conv2_a/Convolution,402091,107179,2415919104,655360,67108864,67108864,2415919104,9437184,43646976,33554432,192,65536,16384,32768,16
16,32,8,2,VGG-7,conv1_b/Convolution,704001,638465,113246208,65536,134217728,134217728,113246208,884736,68059136,67108864,192,65536,16384,32768,16
16,32,8,2,VGG-7,conv3_a/Convolution,255318,107862,2415919104,2359296,33554432,33554432,2415919104,13107200,32243712,16777216,192,65536,16384,32768,16
16,32,8,2,VGG-7,conv1_a/Convolution,704001,638465,113246208,65536,134217728,134217728,113246208,884736,68059136,67108864,192,65536,16384,32768,16
16,32,8,2,VGG-7,fc1/MatMul,99671,83287,268435456,16777216,2097152,2097152,268435456,262144,18087936,1048576,192,65536,16384,32768,16
16,32,8,2,VGG-7,conv3_b/Convolution,255318,107862,2415919104,2359296,33554432,33554432,2415919104,13107200,32243712,16777216,192,65536,16384,32768,16
16,32,8,2,VGG-7,conv2_b/Convolution,402091,107179,2415919104,655360,67108864,67108864,2415919104,9437184,43646976,33554432,192,65536,16384,32768,16
16,32,8,2,RESNET-18,module4/conv4_1_b/Convolution,4330838,718166,29595009024,9437184,411041792,411041792,29595009024,411041792,625999872,205520896,192,65536,16384,32768,16
16,32,8,2,RESNET-18,module3/conv3_1_a/Convolution,1104555,903851,1644167168,131072,205520896,205520896,1644167168,6422528,109314048,102760448,192,65536,16384,32768,16
16,32,8,2,RESNET-18,module2/conv2_1_a/Convolution,2274988,1873580,3288334336,65536,411041792,411041792,3288334336,25690112,231276544,205520896,192,65536,16384,32768,16
16,32,8,2,RESNET-18,module2/conv2_1_b/Convolution,3613708,1036,29595009024,589824,411041792,411041792,29595009024,231211008,437321728,205520896,192,65536,16384,32768,16
16,32,8,2,RESNET-18,module4/conv4_2_b/Convolution,4330838,718166,29595009024,9437184,411041792,411041792,29595009024,411041792,625999872,205520896,192,65536,16384,32768,16
16,32,8,2,RESNET-18,module2/conv2_2_a/Convolution,2274988,1873580,3288334336,65536,411041792,411041792,3288334336,25690112,231276544,205520896,192,65536,16384,32768,16
16,32,8,2,RESNET-18,conv1_a/Convolution,9793537,1765377,30211571712,163840,1644167168,1644167168,30211571712,236027904,1058275328,822083584,192,65536,16384,32768,16
16,32,8,2,RESNET-18,module5/conv5_2_b/Convolution,3614180,1508,29595009024,37748736,411041792,411041792,29595009024,169869312,413138944,205520896,192,65536,16384,32768,16
16,32,8,2,RESNET-18,module3/conv3_1_b/Convolution,3613708,1036,29595009024,2359296,411041792,411041792,29595009024,231211008,439091200,205520896,192,65536,16384,32768,16
16,32,8,2,RESNET-18,module3/conv3_2_b/Convolution,3613708,1036,29595009024,2359296,411041792,411041792,29595009024,231211008,439091200,205520896,192,65536,16384,32768,16
16,32,8,2,RESNET-18,module3/conv3_2_a/Convolution,1138689,737281,3288334336,262144,205520896,205520896,3288334336,12845056,115867648,102760448,192,65536,16384,32768,16
16,32,8,2,RESNET-18,module5/conv5_1_a/Convolution,345431,144727,1644167168,2097152,51380224,51380224,1644167168,12845056,40632320,25690112,192,65536,16384,32768,16
16,32,8,2,RESNET-18,module2/conv2_2_b/Convolution,3613708,1036,29595009024,589824,411041792,411041792,29595009024,231211008,437321728,205520896,192,65536,16384,32768,16
16,32,8,2,RESNET-18,module4/conv4_2_a/Convolution,674476,273068,3288334336,1048576,102760448,102760448,3288334336,25690112,78118912,51380224,192,65536,16384,32768,16
16,32,8,2,RESNET-18,module5/conv5_1_b/Convolution,3614180,1508,29595009024,37748736,411041792,411041792,29595009024,169869312,413138944,205520896,192,65536,16384,32768,16
16,32,8,2,RESNET-18,module5/conv5_2_a/Convolution,557057,155649,3288334336,4194304,51380224,51380224,3288334336,51380224,81264640,25690112,192,65536,16384,32768,16
16,32,8,2,RESNET-18,module4/conv4_1_a/Convolution,571393,370689,1644167168,524288,102760448,102760448,1644167168,6422528,58327040,51380224,192,65536,16384,32768,16
16,32,8,2,RNN,matmul/MatMul,394583,263511,1073741824,67108864,8388608,8388608,1073741824,262144,71565312,4194304,192,65536,16384,32768,16
16,32,8,2,LSTM,matmul/MatMul,337175,231383,866648064,54165504,110231552,110231552,866648064,6770688,62836736,1900544,192,65536,16384,32768,16
16,32,8,2,AlexNet,conv4_b/Convolution,1752219,27,14353956864,5308416,398721024,398721024,14353956864,448561152,653230080,199360512,4096,65536,16384,32768,16
16,32,8,2,AlexNet,conv2_a/Convolution,4665659,59,38220595200,3276800,382205952,382205952,38220595200,1194393600,1388773376,191102976,4096,65536,16384,32768,16
16,32,8,2,AlexNet,fc3/MatMul,262148,4,1073741824,268435456,268959744,268959744,1073741824,33554432,302514176,524288,4096,65536,16384,32768,16
16,32,8,2,AlexNet,conv1_b/Convolution,3339626,26,13493145600,282624,297369600,297369600,13493145600,421660800,570628224,148684800,4096,65536,16384,32768,16
16,32,8,2,AlexNet,conv3_a/Convolution,2336283,27,19138609152,7077888,531628032,531628032,19138609152,598081536,870973440,265814016,4096,65536,16384,32768,16
16,32,8,2,AlexNet,conv4_a/Convolution,1752219,27,14353956864,5308416,398721024,398721024,14353956864,448561152,653230080,199360512,4096,65536,16384,32768,16
16,32,8,2,AlexNet,conv1_a/Convolution,3339626,26,13493145600,282624,297369600,297369600,13493145600,421660800,570628224,148684800,4096,65536,16384,32768,16
16,32,8,2,AlexNet,conv5_b/Convolution,1168155,27,9569304576,3538944,265814016,265814016,9569304576,299040768,435486720,132907008,4096,65536,16384,32768,16
16,32,8,2,AlexNet,fc1/MatMul,1179653,5,9663676416,2415919104,1212153856,1212153856,9663676416,301989888,2722103296,4194304,4096,65536,16384,32768,16
16,32,8,2,AlexNet,conv3_b/Convolution,2336283,27,19138609152,7077888,531628032,531628032,19138609152,598081536,870973440,265814016,4096,65536,16384,32768,16
16,32,8,2,AlexNet,conv2_b/Convolution,4665659,59,38220595200,3276800,382205952,382205952,38220595200,1194393600,1388773376,191102976,4096,65536,16384,32768,16
16,32,8,2,AlexNet,fc2/MatMul,524295,7,4294967296,536870912,541065216,541065216,4294967296,134217728,675282944,4194304,4096,65536,16384,32768,16
16,32,8,2,AlexNet,conv5_a/Convolution,1168155,27,9569304576,3538944,265814016,265814016,9569304576,299040768,435486720,132907008,4096,65536,16384,32768,16
16,32,8,2,SVHN,conv4/Convolution,73745,17,301989888,327680,16777216,16777216,301989888,9437184,18153472,8388608,4096,65536,16384,32768,16
16,32,8,2,SVHN,fc7/MatMul,2058,10,16777216,4194304,2097152,2097152,16777216,16384,5259264,1048576,4096,65536,16384,32768,16
16,32,8,2,SVHN,conv0/Convolution,32775,7,28311552,4096,67108864,67108864,226492416,3538944,37097472,33554432,4096,65536,16384,32768,16
16,32,8,2,SVHN,conv3/Convolution,147503,47,603979776,163840,33554432,33554432,603979776,18874368,35815424,16777216,4096,65536,16384,32768,16
16,32,8,2,SVHN,conv1/Convolution,294930,18,603979776,49152,67108864,67108864,603979776,18874368,52477952,33554432,4096,65536,16384,32768,16
16,32,8,2,SVHN,conv2/Convolution,147489,33,301989888,98304,33554432,33554432,301989888,2359296,19234816,16777216,4096,65536,16384,32768,16
16,32,8,2,SVHN,fc8/MatMul,79,15,163840,10240,21504,21504,163840,16384,43008,16384,4096,65536,16384,32768,16
16,32,8,2,SVHN,conv5/Convolution,73755,27,603979776,589824,16777216,16777216,603979776,18874368,27852800,8388608,4096,65536,16384,32768,16
16,32,8,2,SVHN,fc6/MatMul,8214,22,67108864,16777216,8388608,8388608,67108864,65536,21037056,4194304,4096,65536,16384,32768,16
16,32,8,2,CIFAR10,conv4/Convolution,147505,49,2415919104,2359296,33554432,33554432,2415919104,18874368,38010880,16777216,4096,65536,16384,32768,16
16,32,8,2,CIFAR10,fc7/MatMul,2064,16,33554432,4194304,4194304,4194304,33554432,32768,6324224,2097152,4096,65536,16384,32768,16
16,32,8,2,CIFAR10,conv0/Convolution,131084,12,452984832,32768,134217728,134217728,452984832,3538944,70680576,67108864,4096,65536,16384,32768,16
16,32,8,2,CIFAR10,conv3/Convolution,294961,49,4831838208,1179648,67108864,67108864,4831838208,37748736,72482816,33554432,4096,65536,16384,32768,16
16,32,8,2,CIFAR10,conv1/Convolution,589849,25,4831838208,327680,134217728,134217728,4831838208,150994944,218431488,67108864,4096,65536,16384,32768,16
16,32,8,2,CIFAR10,conv2/Convolution,294941,29,2415919104,655360,67108864,67108864,2415919104,75497472,109707264,33554432,4096,65536,16384,32768,16
16,32,8,2,CIFAR10,fc8/MatMul,85,21,327680,20480,21504,21504,327680,32768,69632,16384,4096,65536,16384,32768,16
16,32,8,2,CIFAR10,conv5/Convolution,294960,48,4831838208,603979776,50331648,50331648,4831838208,4194304,624951296,16777216,4096,65536,16384,32768,16
16,32,8,2,CIFAR10,fc6/MatMul,16398,14,268435456,16777216,17301504,17301504,268435456,8388608,25690112,524288,4096,65536,16384,32768,16
16,32,8,2,LeNet-5,conv1/Convolution,204840,40,419430400,131072,16777216,16777216,419430400,13107200,21626880,8388608,4096,65536,16384,32768,16
16,32,8,2,LeNet-5,fc2/MatMul,47,15,163840,10240,21504,21504,163840,16384,43008,16384,4096,65536,16384,32768,16
16,32,8,2,LeNet-5,conv0/Convolution,16392,8,26214400,16384,33554432,33554432,26214400,819200,17612800,16777216,4096,65536,16384,32768,16
16,32,8,2,LeNet-5,fc1/MatMul,4140,44,67108864,8388608,4194304,4194304,67108864,131072,10616832,2097152,4096,65536,16384,32768,16
16,32,8,2,VGG-7,conv2_a/Convolution,294941,29,2415919104,655360,67108864,67108864,2415919104,75497472,109707264,33554432,4096,65536,16384,32768,16
16,32,8,2,VGG-7,conv1_b/Convolution,65556,20,113246208,65536,134217728,134217728,113246208,884736,68059136,67108864,4096,65536,16384,32768,16
16,32,8,2,VGG-7,conv3_a/Convolution,147505,49,2415919104,2359296,33554432,33554432,2415919104,18874368,38010880,16777216,4096,65536,16384,32768,16
16,32,8,2,VGG-7,conv1_a/Convolution,65556,20,113246208,65536,134217728,134217728,113246208,884736,68059136,67108864,4096,65536,16384,32768,16
16,32,8,2,VGG-7,fc1/MatMul,16398,14,268435456,16777216,17301504,17301504,268435456,8388608,25690112,524288,4096,65536,16384,32768,16
16,32,8,2,VGG-7,conv3_b/Convolution,147505,49,2415919104,2359296,33554432,33554432,2415919104,18874368,38010880,16777216,4096,65536,16384,32768,16
16,32,8,2,VGG-7,conv2_b/Convolution,294941,29,2415919104,655360,67108864,67108864,2415919104,75497472,109707264,33554432,4096,65536,16384,32768,16
16,32,8,2,RESNET-18,module4/conv4_1_b/Convolution,3612699,27,29595009024,9437184,822083584,822083584,29595009024,924844032,1345323008,411041792,4096,65536,16384,32768,16
16,32,8,2,RESNET-18,module3/conv3_1_a/Convolution,200740,36,1644167168,131072,411041792,411041792,1644167168,6422528,212074496,205520896,4096,65536,16384,32768,16
16,32,8,2,RESNET-18,module2/conv2_1_a/Convolution,401429,21,3288334336,65536,411041792,411041792,3288334336,102760448,308346880,205520896,4096,65536,16384,32768,16
16,32,8,2,RESNET-18,module2/conv2_1_b/Convolution,3612693,21,29595009024,589824,822083584,822083584,29595009024,924844032,1336475648,411041792,4096,65536,16384,32768,16
16,32,8,2,RESNET-18,module4/conv4_2_b/Convolution,3612699,27,29595009024,9437184,822083584,822083584,29595009024,924844032,1345323008,411041792,4096,65536,16384,32768,16
16,32,8,2,RESNET-18,module2/conv2_2_a/Convolution,401429,21,3288334336,65536,411041792,411041792,3288334336,102760448,308346880,205520896,4096,65536,16384,32768,16
16,32,8,2,RESNET-18,conv1_a/Convolution,8028202,42,30211571712,163840,1644167168,1644167168,30211571712,472055808,1294303232,822083584,4096,65536,16384,32768,16
16,32,8,2,RESNET-18,module5/conv5_2_b/Convolution,3612695,23,29595009024,7398752256,822083584,822083584,29595009024,28901376,7838695424,411041792,4096,65536,16384,32768,16
16,32,8,2,RESNET-18,module3/conv3_1_b/Convolution,3612695,23,29595009024,2359296,822083584,822083584,29595009024,924844032,1338245120,411041792,4096,65536,16384,32768,16
16,32,8,2,RESNET-18,module3/conv3_2_b/Convolution,3612695,23,29595009024,2359296,822083584,822083584,29595009024,924844032,1338245120,411041792,4096,65536,16384,32768,16
16,32,8,2,RESNET-18,module3/conv3_2_a/Convolution,401476,68,3288334336,262144,822083584,822083584,3288334336,12845056,424148992,411041792,4096,65536,16384,32768,16
16,32,8,2,RESNET-18,module5/conv5_1_a/Convolution,200716,12,1644167168,234881024,205520896,205520896,1644167168,1605632,339247104,102760448,4096,65536,16384,32768,16
16,32,8,2,RESNET-18,module2/conv2_2_b/Convolution,3612693,21,29595009024,589824,822083584,822083584,29595009024,924844032,1336475648,411041792,4096,65536,16384,32768,16
16,32,8,2,RESNET-18,module4/conv4_2_a/Convolution,401424,16,3288334336,411041792,205520896,205520896,3288334336,6422528,520224768,102760448,4096,65536,16384,32768,16
16,32,8,2,RESNET-18,module5/conv5_1_b/Convolution,3612695,23,29595009024,7398752256,822083584,822083584,29595009024,28901376,7838695424,411041792,4096,65536,16384,32768,16
16,32,8,2,RESNET-18,module5/conv5_2_a/Convolution,401422,14,3288334336,469762048,411041792,411041792,3288334336,3211264,678494208,205520896,4096,65536,16384,32768,16
16,32,8,2,RESNET-18,module4/conv4_1_a/Convolution,200720,16,1644167168,205520896,102760448,102760448,1644167168,3211264,260112384,51380224,4096,65536,16384,32768,16
16,32,8,2,RNN,matmul/MatMul,131079,7,1073741824,134217728,268435456,268435456,1073741824,262144,268697600,134217728,4096,65536,16384,32768,16
16,32,8,2,LSTM,matmul/MatMul,103063,7,844234752,105529344,211058688,211058688,844234752,233472,211292160,105529344,4096,65536,16384,32768,16
16,64,8,2,AlexNet,conv4_b/Convolution,876153,57,14353956864,5308416,398721024,398721024,14353956864,224280576,428949504,199360512,4096,131072,32768,65536,16
16,64,8,2,AlexNet,conv2_a/Convolution,2332911,111,38220595200,3276800,382205952,382205952,38220595200,597196800,791576576,191102976,4096,131072,32768,65536,16
16,64,8,2,AlexNet,fc3/MatMul,131083,11,1073741824,134217728,268959744,268959744,1073741824,16777216,151519232,524288,4096,131072,32768,65536,16
16,64,8,2,AlexNet,conv1_b/Convolution,2226475,75,13493145600,282624,346931200,346931200,13493145600,140553600,339082624,198246400,4096,131072,32768,65536,16
16,64,8,2,AlexNet,conv3_a/Convolution,1168185,57,19138609152,7077888,531628032,531628032,19138609152,299040768,571932672,265814016,4096,131072,32768,65536,16
16,64,8,2,AlexNet,conv4_a/Convolution,876153,57,14353956864,5308416,398721024,398721024,14353956864,224280576,428949504,199360512,4096,131072,32768,65536,16
16,64,8,2,AlexNet,conv1_a/Convolution,2226475,75,13493145600,282624,346931200,346931200,13493145600,140553600,339082624,198246400,4096,131072,32768,65536,16
16,64,8,2,AlexNet,conv5_b/Convolution,584121,57,9569304576,3538944,265814016,265814016,9569304576,149520384,285966336,132907008,4096,131072,32768,65536,16
16,64,8,2,AlexNet,fc1/MatMul,589837,13,9663676416,1207959552,1212153856,1212153856,9663676416,150994944,1363148800,4194304,4096,131072,32768,65536,16
16,64,8,2,AlexNet,conv3_b/Convolution,1168185,57,19138609152,7077888,531628032,531628032,19138609152,299040768,571932672,265814016,4096,131072,32768,65536,16
16,64,8,2,AlexNet,conv2_b/Convolution,2332911,111,38220595200,3276800,382205952,382205952,38220595200,597196800,791576576,191102976,4096,131072,32768,65536,16
16,64,8,2,AlexNet,fc2/MatMul,262165,21,4294967296,268435456,541065216,541065216,4294967296,67108864,339738624,4194304,4096,131072,32768,65536,16
16,64,8,2,AlexNet,conv5_a/Convolution,584121,57,9569304576,3538944,265814016,265814016,9569304576,149520384,285966336,132907008,4096,131072,32768,65536,16
16,64,8,2,SVHN,conv4/Convolution,36969,105,301989888,327680,16777216,16777216,301989888,1179648,9895936,8388608,4096,131072,32768,65536,16
16,64,8,2,SVHN,fc7/MatMul,1052,28,16777216,2097152,1048576,1048576,16777216,16384,2637824,524288,4096,131072,32768,65536,16
16,64,8,2,SVHN,conv0/Convolution,17249,865,28311552,4096,67108864,67108864,226492416,3538944,37097472,33554432,4096,131072,32768,65536,16
16,64,8,2,SVHN,conv3/Convolution,73789,61,603979776,163840,33554432,33554432,603979776,9437184,26378240,16777216,4096,131072,32768,65536,16
16,64,8,2,SVHN,conv1/Convolution,147484,28,603979776,49152,67108864,67108864,603979776,4194304,37797888,33554432,4096,131072,32768,65536,16
16,64,8,2,SVHN,conv2/Convolution,73769,41,301989888,98304,33554432,33554432,301989888,2359296,19234816,16777216,4096,131072,32768,65536,16
16,64,8,2,SVHN,fc8/MatMul,87,23,163840,10240,37888,37888,163840,16384,59392,32768,4096,131072,32768,65536,16
16,64,8,2,SVHN,conv5/Convolution,36913,49,603979776,589824,16777216,16777216,603979776,9437184,18415616,8388608,4096,131072,32768,65536,16
16,64,8,2,SVHN,fc6/MatMul,4136,40,67108864,8388608,4194304,4194304,67108864,65536,10551296,2097152,4096,131072,32768,65536,16
16,64,8,2,CIFAR10,conv4/Convolution,73817,89,2415919104,2359296,33554432,33554432,2415919104,37748736,56885248,16777216,4096,131072,32768,65536,16
16,64,8,2,CIFAR10,fc7/MatMul,1064,40,33554432,2097152,2097152,2097152,33554432,32768,3178496,1048576,4096,131072,32768,65536,16
16,64,8,2,CIFAR10,conv0/Convolution,65552,16,452984832,32768,134217728,134217728,452984832,3538944,70680576,67108864,4096,131072,32768,65536,16
16,64,8,2,CIFAR10,conv3/Convolution,147545,89,4831838208,1179648,67108864,67108864,4831838208,75497472,110231552,33554432,4096,131072,32768,65536,16
16,64,8,2,CIFAR10,conv1/Convolution,294999,87,4831838208,327680,134217728,134217728,4831838208,75497472,142934016,67108864,4096,131072,32768,65536,16
16,64,8,2,CIFAR10,conv2/Convolution,147509,53,2415919104,655360,67108864,67108864,2415919104,37748736,71958528,33554432,4096,131072,32768,65536,16
16,64,8,2,CIFAR10,fc8/MatMul,93,29,327680,20480,37888,37888,327680,32768,86016,32768,4096,131072,32768,65536,16
16,64,8,2,CIFAR10,conv5/Convolution,147545,89,4831838208,4718592,67108864,67108864,4831838208,75497472,113770496,33554432,4096,131072,32768,65536,16
16,64,8,2,CIFAR10,fc6/MatMul,8280,88,268435456,16777216,17301504,17301504,268435456,262144,17563648,524288,4096,131072,32768,65536,16
16,64,8,2,LeNet-5,conv1/Convolution,102455,55,419430400,131072,16777216,16777216,419430400,6553600,15073280,8388608,4096,131072,32768,65536,16
16,64,8,2,LeNet-5,fc2/MatMul,55,23,163840,10240,37888,37888,163840,16384,59392,32768,4096,131072,32768,65536,16
16,64,8,2,LeNet-5,conv0/Convolution,16588,204,26214400,16384,50331648,50331648,26214400,819200,34390016,33554432,4096,131072,32768,65536,16
16,64,8,2,LeNet-5,fc1/MatMul,2128,80,67108864,4194304,4456448,4456448,67108864,131072,4587520,262144,4096,131072,32768,65536,16
16,64,8,2,VGG-7,conv2_a/Convolution,147509,53,2415919104,655360,67108864,67108864,2415919104,37748736,71958528,33554432,4096,131072,32768,65536,16
16,64,8,2,VGG-7,conv1_b/Convolution,33000,232,113246208,65536,134217728,134217728,113246208,884736,68059136,67108864,4096,131072,32768,65536,16
16,64,8,2,VGG-7,conv3_a/Convolution,73817,89,2415919104,2359296,33554432,33554432,2415919104,37748736,56885248,16777216,4096,131072,32768,65536,16
16,64,8,2,VGG-7,conv1_a/Convolution,33000,232,113246208,65536,134217728,134217728,113246208,884736,68059136,67108864,4096,131072,32768,65536,16
16,64,8,2,VGG-7,fc1/MatMul,8280,88,268435456,16777216,17301504,17301504,268435456,262144,17563648,524288,4096,131072,32768,65536,16
16,64,8,2,VGG-7,conv3_b/Convolution,73817,89,2415919104,2359296,33554432,33554432,2415919104,37748736,56885248,16777216,4096,131072,32768,65536,16
16,64,8,2,VGG-7,conv2_b/Convolution,147509,53,2415919104,655360,67108864,67108864,2415919104,37748736,71958528,33554432,4096,131072,32768,65536,16
16,64,8,2,RESNET-18,module4/conv4_1_b/Convolution,1806394,58,29595009024,9437184,822083584,822083584,29595009024,462422016,882900992,411041792,4096,131072,32768,65536,16
16,64,8,2,RESNET-18,module3/conv3_1_a/Convolution,100392,40,1644167168,131072,205520896,205520896,1644167168,6422528,109314048,102760448,4096,131072,32768,65536,16
16,64,8,2,RESNET-18,module2/conv2_1_a/Convolution,200729,25,3288334336,65536,411041792,411041792,3288334336,25690112,231276544,205520896,4096,131072,32768,65536,16
16,64,8,2,RESNET-18,module2/conv2_1_b/Convolution,1806413,77,29595009024,589824,411041792,411041792,29595009024,462422016,668532736,205520896,4096,131072,32768,65536,16
16,64,8,2,RESNET-18,module4/conv4_2_b/Convolution,1806394,58,29595009024,9437184,822083584,822083584,29595009024,462422016,882900992,411041792,4096,131072,32768,65536,16
16,64,8,2,RESNET-18,module2/conv2_2_a/Convolution,200729,25,3288334336,65536,411041792,411041792,3288334336,25690112,231276544,205520896,4096,131072,32768,65536,16
16,64,8,2,RESNET-18,conv1_a/Convolution,4014123,43,30211571712,163840,1644167168,1644167168,30211571712,472055808,1294303232,822083584,4096,131072,32768,65536,16
16,64,8,2,RESNET-18,module5/conv5_2_b/Convolution,1806385,49,29595009024,3699376128,436731904,436731904,29595009024,462422016,4187488256,25690112,4096,131072,32768,65536,16
16,64,8,2,RESNET-18,module3/conv3_1_b/Convolution,1806385,49,29595009024,2359296,822083584,822083584,29595009024,462422016,875823104,411041792,4096,131072,32768,65536,16
16,64,8,2,RESNET-18,module3/conv3_2_b/Convolution,1806385,49,29595009024,2359296,822083584,822083584,29595009024,462422016,875823104,411041792,4096,131072,32768,65536,16
16,64,8,2,RESNET-18,module3/conv3_2_a/Convolution,200776,72,3288334336,262144,411041792,411041792,3288334336,12845056,218628096,205520896,4096,131072,32768,65536,16
16,64,8,2,RESNET-18,module5/conv5_1_a/Convolution,100388,36,1644167168,234881024,102760448,102760448,1644167168,1605632,287866880,51380224,4096,131072,32768,65536,16
16,64,8,2,RESNET-18,module2/conv2_2_b/Convolution,1806413,77,29595009024,589824,411041792,411041792,29595009024,462422016,668532736,205520896,4096,131072,32768,65536,16
16,64,8,2,RESNET-18,module4/conv4_2_a/Convolution,200757,53,3288334336,1048576,102760448,102760448,3288334336,51380224,103809024,51380224,4096,131072,32768,65536,16
16,64,8,2,RESNET-18,module5/conv5_1_b/Convolution,1806385,49,29595009024,3699376128,436731904,436731904,29595009024,462422016,4187488256,25690112,4096,131072,32768,65536,16
16,64,8,2,RESNET-18,module5/conv5_2_a/Convolution,200735,31,3288334336,469762048,205520896,205520896,3288334336,3211264,575733760,102760448,4096,131072,32768,65536,16
16,64,8,2,RESNET-18,module4/conv4_1_a/Convolution,100495,143,1644167168,524288,102760448,102760448,1644167168,3211264,55115776,51380224,4096,131072,32768,65536,16
16,64,8,2,RNN,matmul/MatMul,65612,76,1073741824,134217728,136314880,136314880,1073741824,262144,136577024,2097152,4096,131072,32768,65536,16
16,64,8,2,LSTM,matmul/MatMul,52053,69,851705856,106463232,108331008,108331008,851705856,233472,108564480,1867776,4096,131072,32768,65536,16
16,128,8,2,AlexNet,conv4_b/Convolution,438187,139,14353956864,5308416,398721024,398721024,14353956864,112140288,316809216,199360512,4096,262144,65536,131072,16
16,128,8,2,AlexNet,conv2_a/Convolution,1166615,215,38220595200,3276800,382205952,382205952,38220595200,298598400,492978176,191102976,4096,262144,65536,131072,16
16,128,8,2,AlexNet,fc3/MatMul,65573,37,1073741824,67108864,268959744,268959744,1073741824,8388608,76021760,524288,4096,262144,65536,131072,16
16,128,8,2,AlexNet,conv1_b/Convolution,1113280,80,13493145600,282624,346931200,346931200,13493145600,140553600,339082624,198246400,4096,262144,65536,131072,16
16,128,8,2,AlexNet,conv3_a/Convolution,584203,139,19138609152,7077888,531628032,531628032,19138609152,149520384,422412288,265814016,4096,262144,65536,131072,16
16,128,8,2,AlexNet,conv4_a/Convolution,438187,139,14353956864,5308416,398721024,398721024,14353956864,112140288,316809216,199360512,4096,262144,65536,131072,16
16,128,8,2,AlexNet,conv1_a/Convolution,1113280,80,13493145600,282624,346931200,346931200,13493145600,140553600,339082624,198246400,4096,262144,65536,131072,16
16,128,8,2,AlexNet,conv5_b/Convolution,292171,139,9569304576,3538944,265814016,265814016,9569304576,74760192,211206144,132907008,4096,262144,65536,131072,16
16,128,8,2,AlexNet,fc1/MatMul,294953,41,9663676416,603979776,1212153856,1212153856,9663676416,75497472,683671552,4194304,4096,262144,65536,131072,16
16,128,8,2,AlexNet,conv3_b/Convolution,584203,139,19138609152,7077888,531628032,531628032,19138609152,149520384,422412288,265814016,4096,262144,65536,131072,16
16,128,8,2,AlexNet,conv2_b/Convolution,1166615,215,38220595200,3276800,382205952,382205952,38220595200,298598400,492978176,191102976,4096,262144,65536,131072,16
16,128,8,2,AlexNet,fc2/MatMul,131240,168,4294967296,268435456,541065216,541065216,4294967296,524288,273154048,4194304,4096,262144,65536,131072,16
16,128,8,2,AlexNet,conv5_a/Convolution,292171,139,9569304576,3538944,265814016,265814016,9569304576,74760192,211206144,132907008,4096,262144,65536,131072,16
16,128,8,2,SVHN,conv4/Convolution,18562,130,301989888,327680,16777216,16777216,301989888,1179648,9895936,8388608,4096,262144,65536,131072,16
16,128,8,2,SVHN,fc7/MatMul,788,276,16777216,1048576,1048576,1048576,16777216,16384,1589248,524288,4096,262144,65536,131072,16
16,128,8,2,SVHN,conv0/Convolution,33633,17249,28311552,4096,100663296,100663296,226492416,3538944,70651904,67108864,4096,262144,65536,131072,16
16,128,8,2,SVHN,conv3/Convolution,36956,92,603979776,163840,33554432,33554432,603979776,4718592,21659648,16777216,4096,262144,65536,131072,16
16,128,8,2,SVHN,conv1/Convolution,147494,38,603979776,49152,100663296,100663296,603979776,9437184,76595200,67108864,4096,262144,65536,131072,16
16,128,8,2,SVHN,conv2/Convolution,36922,58,301989888,98304,33554432,33554432,301989888,2359296,19234816,16777216,4096,262144,65536,131072,16
16,128,8,2,SVHN,fc8/MatMul,103,39,163840,10240,70656,70656,163840,16384,92160,65536,4096,262144,65536,131072,16
16,128,8,2,SVHN,conv5/Convolution,18644,212,603979776,589824,16777216,16777216,603979776,2359296,11337728,8388608,4096,262144,65536,131072,16
16,128,8,2,SVHN,fc6/MatMul,2160,112,67108864,4194304,2097152,2097152,67108864,65536,5308416,1048576,4096,262144,65536,131072,16
16,128,8,2,CIFAR10,conv4/Convolution,37033,169,2415919104,2359296,33554432,33554432,2415919104,18874368,38010880,16777216,4096,262144,65536,131072,16
16,128,8,2,CIFAR10,fc7/MatMul,776,264,33554432,2097152,1048576,1048576,33554432,32768,2654208,524288,4096,262144,65536,131072,16
16,128,8,2,CIFAR10,conv0/Convolution,33640,872,452984832,32768,134217728,134217728,452984832,3538944,70680576,67108864,4096,262144,65536,131072,16
16,128,8,2,CIFAR10,conv3/Convolution,73897,169,4831838208,1179648,67108864,67108864,4831838208,37748736,72482816,33554432,4096,262144,65536,131072,16
16,128,8,2,CIFAR10,conv1/Convolution,147557,101,4831838208,327680,134217728,134217728,4831838208,37748736,105185280,67108864,4096,262144,65536,131072,16
16,128,8,2,CIFAR10,conv2/Convolution,73929,201,2415919104,655360,67108864,67108864,2415919104,18874368,53084160,33554432,4096,262144,65536,131072,16
16,128,8,2,CIFAR10,fc8/MatMul,109,45,327680,20480,70656,70656,327680,32768,118784,65536,4096,262144,65536,131072,16
16,128,8,2,CIFAR10,conv5/Convolution,73897,169,4831838208,4718592,67108864,67108864,4831838208,37748736,76021760,33554432,4096,262144,65536,131072,16
16,128,8,2,CIFAR10,fc6/MatMul,4416,320,268435456,16777216,2621440,2621440,268435456,262144,17563648,524288,4096,262144,65536,131072,16
16,128,8,2,LeNet-5,conv1/Convolution,102482,82,419430400,131072,25165824,25165824,419430400,2359296,19267584,16777216,4096,262144,65536,131072,16
16,128,8,2,LeNet-5,fc2/MatMul,71,39,163840,10240,70656,70656,163840,16384,92160,65536,4096,262144,65536,131072,16
16,128,8,2,LeNet-5,conv0/Convolution,32972,16588,26214400,16384,83886080,83886080,26214400,819200,67944448,67108864,4096,262144,65536,131072,16
16,128,8,2,LeNet-5,fc1/MatMul,1216,192,67108864,4194304,4456448,4456448,67108864,131072,4587520,262144,4096,262144,65536,131072,16
16,128,8,2,VGG-7,conv2_a/Convolution,73929,201,2415919104,655360,67108864,67108864,2415919104,18874368,53084160,33554432,4096,262144,65536,131072,16
16,128,8,2,VGG-7,conv1_b/Convolution,33000,16616,113246208,65536,134217728,134217728,113246208,884736,68059136,67108864,4096,262144,65536,131072,16
16,128,8,2,VGG-7,conv3_a/Convolution,37033,169,2415919104,2359296,33554432,33554432,2415919104,18874368,38010880,16777216,4096,262144,65536,131072,16
16,128,8,2,VGG-7,conv1_a/Convolution,33000,16616,113246208,65536,134217728,134217728,113246208,884736,68059136,67108864,4096,262144,65536,131072,16
16,128,8,2,VGG-7,fc1/MatMul,4416,320,268435456,16777216,2621440,2621440,268435456,262144,17563648,524288,4096,262144,65536,131072,16
16,128,8,2,VGG-7,conv3_b/Convolution,37033,169,2415919104,2359296,33554432,33554432,2415919104,18874368,38010880,16777216,4096,262144,65536,131072,16
16,128,8,2,VGG-7,conv2_b/Convolution,73929,201,2415919104,655360,67108864,67108864,2415919104,18874368,53084160,33554432,4096,262144,65536,131072,16
16,128,8,2,RESNET-18,module4/conv4_1_b/Convolution,903300,132,29595009024,9437184,822083584,822083584,29595009024,102760448,523239424,411041792,4096,262144,65536,131072,16
16,128,8,2,RESNET-18,module3/conv3_1_a/Convolution,51776,1600,1644167168,131072,205520896,205520896,1644167168,6422528,109314048,102760448,4096,262144,65536,131072,16
16,128,8,2,RESNET-18,module2/conv2_1_a/Convolution,106640,6288,3288334336,65536,411041792,411041792,3288334336,25690112,231276544,205520896,4096,262144,65536,131072,16
16,128,8,2,RESNET-18,module2/conv2_1_b/Convolution,903325,157,29595009024,589824,411041792,411041792,29595009024,231211008,437321728,205520896,4096,262144,65536,131072,16
16,128,8,2,RESNET-18,module4/conv4_2_b/Convolution,903300,132,29595009024,9437184,822083584,822083584,29595009024,102760448,523239424,411041792,4096,262144,65536,131072,16
16,128,8,2,RESNET-18,module2/conv2_2_a/Convolution,106640,6288,3288334336,65536,411041792,411041792,3288334336,25690112,231276544,205520896,4096,262144,65536,131072,16
16,128,8,2,RESNET-18,conv1_a/Convolution,2007090,50,30211571712,163840,1644167168,1644167168,30211571712,236027904,1058275328,822083584,4096,262144,65536,131072,16
16,128,8,2,RESNET-18,module5/conv5_2_b/Convolution,903281,113,29595009024,1849688064,436731904,436731904,29595009024,231211008,2106589184,25690112,4096,262144,65536,131072,16
16,128,8,2,RESNET-18,module3/conv3_1_b/Convolution,903281,113,29595009024,2359296,822083584,822083584,29595009024,231211008,644612096,411041792,4096,262144,65536,131072,16
16,128,8,2,RESNET-18,module3/conv3_2_b/Convolution,903281,113,29595009024,2359296,822083584,822083584,29595009024,231211008,644612096,411041792,4096,262144,65536,131072,16
16,128,8,2,RESNET-18,module3/conv3_2_a/Convolution,100438,86,3288334336,262144,205520896,205520896,3288334336,12845056,115867648,102760448,4096,262144,65536,131072,16
16,128,8,2,RESNET-18,module5/conv5_1_a/Convolution,50282,106,1644167168,2097152,102760448,102760448,1644167168,12845056,66322432,51380224,4096,262144,65536,131072,16
16,128,8,2,RESNET-18,module2/conv2_2_b/Convolution,903325,157,29595009024,589824,411041792,411041792,29595009024,231211008,437321728,205520896,4096,262144,65536,131072,16
16,128,8,2,RESNET-18,module4/conv4_2_a/Convolution,100638,286,3288334336,1048576,102760448,102760448,3288334336,6422528,58851328,51380224,4096,262144,65536,131072,16
16,128,8,2,RESNET-18,module5/conv5_1_b/Convolution,903281,113,29595009024,1849688064,436731904,436731904,29595009024,231211008,2106589184,25690112,4096,262144,65536,131072,16
16,128,8,2,RESNET-18,module5/conv5_2_a/Convolution,100486,134,3288334336,4194304,102760448,102760448,3288334336,25690112,81264640,51380224,4096,262144,65536,131072,16
16,128,8,2,RESNET-18,module4/conv4_1_a/Convolution,50334,158,1644167168,524288,102760448,102760448,1644167168,3211264,55115776,51380224,4096,262144,65536,131072,16
16,128,8,2,RNN,matmul/MatMul,32872,104,1073741824,67108864,136314880,136314880,1073741824,262144,69468160,2097152,4096,262144,65536,131072,16
16,128,8,2,LSTM,matmul/MatMul,26545,97,866648064,54165504,110231552,110231552,866648064,233472,56299520,1900544,4096,262144,65536,131072,16
16,256,8,2,AlexNet,conv4_b/Convolution,292267,235,19138609152,7077888,531628032,531628032,19138609152,74760192,347652096,265814016,4096,524288,131072,262144,16
16,256,8,2,AlexNet,conv2_a/Convolution,583645,445,38220595200,3276800,382205952,382205952,38220595200,149299200,343678976,191102976,4096,524288,131072,262144,16
16,256,8,2,AlexNet,fc3/MatMul,33288,520,1073741824,67108864,268959744,268959744,1073741824,1048576,68681728,524288,4096,524288,131072,262144,16
16,256,8,2,AlexNet,conv1_b/Convolution,1113307,107,13493145600,282624,545177600,545177600,13493145600,140553600,537329024,396492800,4096,524288,131072,262144,16
16,256,8,2,AlexNet,conv3_a/Convolution,389611,235,25518145536,9437184,708837376,708837376,25518145536,99680256,463536128,354418688,4096,524288,131072,262144,16
16,256,8,2,AlexNet,conv4_a/Convolution,292267,235,19138609152,7077888,531628032,531628032,19138609152,74760192,347652096,265814016,4096,524288,131072,262144,16
16,256,8,2,AlexNet,conv1_a/Convolution,1113307,107,13493145600,282624,545177600,545177600,13493145600,140553600,537329024,396492800,4096,524288,131072,262144,16
16,256,8,2,AlexNet,conv5_b/Convolution,146251,235,9569304576,3538944,265814016,265814016,9569304576,37380096,173826048,132907008,4096,524288,131072,262144,16
16,256,8,2,AlexNet,fc1/MatMul,151808,4352,9663676416,603979776,155189248,155189248,9663676416,9437184,617611264,4194304,4096,524288,131072,262144,16
16,256,8,2,AlexNet,conv3_b/Convolution,389611,235,25518145536,9437184,708837376,708837376,25518145536,99680256,463536128,354418688,4096,524288,131072,262144,16
16,256,8,2,AlexNet,conv2_b/Convolution,583645,445,38220595200,3276800,382205952,382205952,38220595200,149299200,343678976,191102976,4096,524288,131072,262144,16
16,256,8,2,AlexNet,fc2/MatMul,67712,2176,4294967296,268435456,20971520,20971520,4294967296,524288,273154048,4194304,4096,524288,131072,262144,16
16,256,8,2,AlexNet,conv5_a/Convolution,146251,235,9569304576,3538944,265814016,265814016,9569304576,37380096,173826048,132907008,4096,524288,131072,262144,16
16,256,8,2,SVHN,conv4/Convolution,9364,148,301989888,327680,16777216,16777216,301989888,1179648,9895936,8388608,4096,524288,131072,262144,16
16,256,8,2,SVHN,fc7/MatMul,772,516,16777216,1048576,1048576,1048576,16777216,16384,1589248,524288,4096,524288,131072,262144,16
16,256,8,2,SVHN,conv0/Convolution,66401,50017,28311552,4096,167772160,167772160,226492416,3538944,137760768,134217728,4096,524288,131072,262144,16
16,256,8,2,SVHN,conv3/Convolution,36972,108,603979776,163840,50331648,50331648,603979776,4718592,38436864,33554432,4096,524288,131072,262144,16
16,256,8,2,SVHN,conv1/Convolution,147502,46,603979776,49152,167772160,167772160,603979776,9437184,143704064,134217728,4096,524288,131072,262144,16
16,256,8,2,SVHN,conv2/Convolution,36938,74,301989888,98304,50331648,50331648,301989888,2359296,36012032,33554432,4096,524288,131072,262144,16
16,256,8,2,SVHN,fc8/MatMul,135,71,163840,10240,136192,136192,163840,16384,157696,131072,4096,524288,131072,262144,16
16,256,8,2,SVHN,conv5/Convolution,9464,248,603979776,589824,16777216,16777216,603979776,2359296,11337728,8388608,4096,524288,131072,262144,16
16,256,8,2,SVHN,fc6/MatMul,1360,336,67108864,4194304,8912896,8912896,67108864,65536,4784128,524288,4096,524288,131072,262144,16
16,256,8,2,CIFAR10,conv4/Convolution,18884,452,2415919104,2359296,33554432,33554432,2415919104,9437184,28573696,16777216,4096,524288,131072,262144,16
16,256,8,2,CIFAR10,fc7/MatMul,1032,776,33554432,2097152,1048576,1048576,33554432,32768,2654208,524288,4096,524288,131072,262144,16
16,256,8,2,CIFAR10,conv0/Convolution,66408,33640,452984832,32768,201326592,201326592,452984832,3538944,137789440,134217728,4096,524288,131072,262144,16
16,256,8,2,CIFAR10,conv3/Convolution,37234,370,4831838208,1179648,67108864,67108864,4831838208,18874368,53608448,33554432,4096,524288,131072,262144,16
16,256,8,2,CIFAR10,conv1/Convolution,147600,144,4831838208,327680,201326592,201326592,4831838208,16777216,151322624,134217728,4096,524288,131072,262144,16
16,256,8,2,CIFAR10,conv2/Convolution,37128,264,2415919104,655360,67108864,67108864,2415919104,9437184,43646976,33554432,4096,524288,131072,262144,16
16,256,8,2,CIFAR10,fc8/MatMul,141,77,327680,20480,136192,136192,327680,32768,184320,131072,4096,524288,131072,262144,16
16,256,8,2,CIFAR10,conv5/Convolution,37316,452,4831838208,4718592,67108864,67108864,4831838208,18874368,57147392,33554432,4096,524288,131072,262144,16
16,256,8,2,CIFAR10,fc6/MatMul,4416,2368,268435456,16777216,1572864,1572864,268435456,262144,17563648,524288,4096,524288,131072,262144,16
16,256,8,2,LeNet-5,conv1/Convolution,102514,114,419430400,131072,41943040,41943040,419430400,6553600,40239104,33554432,4096,524288,131072,262144,16
16,256,8,2,LeNet-5,fc2/MatMul,103,71,163840,10240,136192,136192,163840,16384,157696,131072,4096,524288,131072,262144,16
16,256,8,2,LeNet-5,conv0/Convolution,65740,49356,26214400,16384,150994944,150994944,26214400,819200,135053312,134217728,4096,524288,131072,262144,16
16,256,8,2,LeNet-5,fc1/MatMul,1184,672,67108864,4194304,524288,524288,67108864,131072,4587520,262144,4096,524288,131072,262144,16
16,256,8,2,VGG-7,conv2_a/Convolution,37128,264,2415919104,655360,67108864,67108864,2415919104,9437184,43646976,33554432,4096,524288,131072,262144,16
16,256,8,2,VGG-7,conv1_b/Convolution,65768,49384,113246208,65536,201326592,201326592,113246208,884736,135168000,134217728,4096,524288,131072,262144,16
16,256,8,2,VGG-7,conv3_a/Convolution,18884,452,2415919104,2359296,33554432,33554432,2415919104,9437184,28573696,16777216,4096,524288,131072,262144,16
16,256,8,2,VGG-7,conv1_a/Convolution,65768,49384,113246208,65536,201326592,201326592,113246208,884736,135168000,134217728,4096,524288,131072,262144,16
16,256,8,2,VGG-7,fc1/MatMul,4416,2368,268435456,16777216,1572864,1572864,268435456,262144,17563648,524288,4096,524288,131072,262144,16
16,256,8,2,VGG-7,conv3_b/Convolution,18884,452,2415919104,2359296,33554432,33554432,2415919104,9437184,28573696,16777216,4096,524288,131072,262144,16
16,256,8,2,VGG-7,conv2_b/Convolution,37128,264,2415919104,655360,67108864,67108864,2415919104,9437184,43646976,33554432,4096,524288,131072,262144,16
16,256,8,2,RESNET-18,module4/conv4_1_b/Convolution,451823,239,29595009024,9437184,822083584,822083584,29595009024,115605504,536084480,411041792,4096,524288,131072,262144,16
16,256,8,2,RESNET-18,module3/conv3_1_a/Convolution,51776,26688,1644167168,131072,205520896,205520896,1644167168,6422528,109314048,102760448,4096,524288,131072,262144,16
16,256,8,2,RESNET-18,module2/conv2_1_a/Convolution,206992,106640,3288334336,65536,616562688,616562688,3288334336,25690112,436797440,411041792,4096,524288,131072,262144,16
16,256,8,2,RESNET-18,module2/conv2_1_b/Convolution,903353,185,29595009024,589824,616562688,616562688,29595009024,231211008,642842624,411041792,4096,524288,131072,262144,16
16,256,8,2,RESNET-18,module4/conv4_2_b/Convolution,451823,239,29595009024,9437184,822083584,822083584,29595009024,115605504,536084480,411041792,4096,524288,131072,262144,16
16,256,8,2,RESNET-18,module2/conv2_2_a/Convolution,206992,106640,3288334336,65536,616562688,616562688,3288334336,25690112,436797440,411041792,4096,524288,131072,262144,16
16,256,8,2,RESNET-18,conv1_a/Convolution,2007115,75,30211571712,163840,2466250752,2466250752,30211571712,236027904,1880358912,1644167168,4096,524288,131072,262144,16
16,256,8,2,RESNET-18,module5/conv5_2_b/Convolution,451819,235,29595009024,37748736,822083584,822083584,29595009024,115605504,564396032,411041792,4096,524288,131072,262144,16
16,256,8,2,RESNET-18,module3/conv3_1_b/Convolution,451788,204,29595009024,2359296,822083584,822083584,29595009024,51380224,464781312,411041792,4096,524288,131072,262144,16
16,256,8,2,RESNET-18,module3/conv3_2_b/Convolution,451788,204,29595009024,2359296,822083584,822083584,29595009024,51380224,464781312,411041792,4096,524288,131072,262144,16
16,256,8,2,RESNET-18,module3/conv3_2_a/Convolution,53376,3200,3288334336,262144,205520896,205520896,3288334336,12845056,115867648,102760448,4096,524288,131072,262144,16
16,256,8,2,RESNET-18,module5/conv5_1_a/Convolution,25681,593,1644167168,2097152,51380224,51380224,1644167168,1605632,29392896,25690112,4096,524288,131072,262144,16
16,256,8,2,RESNET-18,module2/conv2_2_b/Convolution,903353,185,29595009024,589824,616562688,616562688,29595009024,231211008,642842624,411041792,4096,524288,131072,262144,16
16,256,8,2,RESNET-18,module4/conv4_2_a/Convolution,50492,316,3288334336,1048576,102760448,102760448,3288334336,6422528,58851328,51380224,4096,524288,131072,262144,16
16,256,8,2,RESNET-18,module5/conv5_1_b/Convolution,451819,235,29595009024,37748736,822083584,822083584,29595009024,115605504,564396032,411041792,4096,524288,131072,262144,16
16,256,8,2,RESNET-18,module5/conv5_2_a/Convolution,50516,340,3288334336,4194304,102760448,102760448,3288334336,12845056,68419584,51380224,4096,524288,131072,262144,16
16,256,8,2,RESNET-18,module4/conv4_1_a/Convolution,26000,912,1644167168,524288,102760448,102760448,1644167168,3211264,55115776,51380224,4096,524288,131072,262144,16
16,256,8,2,RNN,matmul/MatMul,17472,1088,1073741824,67108864,6291456,6291456,1073741824,262144,69468160,2097152,4096,524288,131072,262144,16
16,256,8,2,LSTM,matmul/MatMul,14697,1017,896532480,56033280,114032640,114032640,896532480,233472,58232832,1966080,4096,524288,131072,262144,16
